,Course Code,Title,EOS,Mid
0,Course Code INSTITUTION and COURSE,,EOS,Mid
1,,Athlone Institute of Technology,,
2,AL801,Software Design with Virtual Reality and Gaming,304,328
3,AL802,Software Design with Cloud Computing,301,306
4,AL803,Software Design with Mobile Apps and Connected Devices,309,337
5,AL805,Network Management and Cloud Infrastructure,329,442
6,AL810,Quantity Surveying,307,349
7,AL820,Mechanical and Polymer Engineering,300,358
8,AL830,General Nursing,410,429
9,AL832,Psychiatric Nursing,387,403
10,AL836,Nutrition and Health Science,352,383
11,AL837,Sports Science with Exercise Physiology,351,392
12,AL838,Biotechnology,302,372
13,AL839,Microbiology,322,371
14,AL840,Pharmaceutical Sciences,328,411
15,AL841,Athletic and Rehabilitation Therapy,423,430
16,AL842,Bioveterinary Science,310,366
17,AL843,Physical Activity and Health Science,310,330
18,AL850,Business,307,356
19,AL851,Business and Law,301,341
20,AL852,Accounting (with optional placement),290,346
21,AL853,Accounting and Law,305,320
22,AL855,Hospitality Management (with International placement),312,357
23,AL857,Digital Marketing,300,360
24,AL860,Social Care Practice,309,338
25,AL861,Animation and Illustration (portfolio),#615,899
26,AL863,Graphic and Digital Design (portfolio),#703,898
27,AL864,Early Years Care and Education,307,348
28,AL870,Applied Psychology,409,445
29,,"Institute of Technology, Carlow",,
30,CW018,"Business (options, Wexford)",327,349
31,CW028,Early Childhood Education and Care (Wexford),252,308
32,CW038,"Art (portfolio, Wexford)",#700,700
33,CW058,Tourism and Event Management (Wexford),252,262
34,CW068,Applied Social Studies - Professional Social Care (Wexford),251,280
35,CW078,Sustainable Farm Management and Agribusiness (Wexford),266,320
36,CW088,Visual Communications and Design (Wexford),309,345
37,CW108,Science (options),261,326
38,CW128,Brewing and Distilling,271,298
39,CW178,Sport Science (options),399,424
40,CW188,Sport Rehabilitation and Athletic Therapy,454,473
41,CW208,Computer Games Development,281,338
42,CW238,Software Development,300,343
43,CW248,Information Technology Management,307,357
0,TR039,Computer Science and Language,435,498.0
1,TR040,Middle Eastern and European Languages and Cultures,485,518.0
2,TR041,Religion,347,393.0
3,TR051,Medicine (HPAT required),#730,739.0
4,TR052,Dental Science,590*,602.0
5,TR053,Physiotherapy,533*,544.0
6,TR054,Occupational Therapy,500,520.0
7,TR055,Radiation Therapy,510,521.0
8,TR056,Human Health and Disease,543,565.0
9,TR060,Biological and Biomedical Sciences,510*,542.0
10,TR061,Chemical Sciences,488*,520.0
11,TR062,Geography and Geoscience,435,485.0
12,TR063,Physical Sciences,498*,543.0
13,TR072,Pharmacy,555*,577.0
14,TR080,Global Business,565,577.0
15,TR081,"Business, Economic and Social Studies (BESS)",518*,542.0
16,TR082,Computer Science and Business,510,542.0
17,TR083,Sociology and Social Policy,451,474.0
18,TR084,Social Studies (Social Work),420*,462.0
19,TR085,Business Studies and French,509,553.0
20,TR086,Business Studies and German,474,495.0
21,TR087,Business Studies and Russian,467,487.0
22,TR089,Business Studies and Polish,393,434.0
23,TR090,Business Studies and Spanish,510,543.0
24,TR091,General Nursing (Meath and St James`s),393*,420.0
25,TR093,General Nursing (Adelaide School of Nursing),#378*,409.0
26,TR095,Mental Health Nursing,358,377.0
27,TR097,Intellectual Disability Nursing,346,350.0
28,TR911,Children`s and General Nursing (Integrated),476*,487.0
29,TR913,Midwifery,423,462.0
30,,University College Dublin (NUI),,
31,DN100,Architecture,473,509.0
32,DN120,Landscape Architecture,353,403.0
33,DN130,City Planning and Environmental Policy,367,421.0
34,DN150,Engineering (Common Entry),511,554.0
35,DN200,Science (options),521,554.0
36,DN201,Computer Science (Common Entry),488,509.0
37,DN230,Actuarial and Financial Studies,577,589.0
38,DN250,Agricultural Science (options),420,462.0
39,DN252,Dairy Business,398,428.0
40,DN253,Agri - Environmental Sciences,403,419.0
41,DN261,Food Science,434,467.0
42,DN262,Human Nutrition,493,510.0
43,DN271,Forestry,303,361.0
44,DN272,"Horticulture, Landscape and Sportsturf Management",252,312.0
45,DN300,Veterinary Medicine - Undergraduate Entry,#567,589.0
46,DN301,Veterinary Medicine - Graduate Entry,#,
47,DN310,Veterinary Nursing,441,487.0
48,DN400,Medicine - Undergraduate Entry (HPAT required),#735,745.0
49,DN401,Medicine - Graduate Entry (GAMSAT required),#59*,61.0
50,DN410,Radiography,507,522.0
51,DN411,Radiography - Graduate Entry,#,
52,DN420,Physiotherapy,542,555.0
53,DN425,Health and Performance Science,488,509.0
54,DN430,Sport and Exercise Management,436,455.0
0,DN440,"Biomedical, Health and Life Sciences",565*,579.0
1,DN450,General Nursing,398,420.0
2,DN451,Children`s and General Nursing (Integrated),462*,499.0
3,DN452,Midwifery,409,452.0
4,DN453,Mental Health Nursing,379,403.0
5,DN520,Arts (Two Subjects),336,408.0
6,DN530,Humanities (options),348,411.0
7,DN541,Modern Languages (options),348,412.0
8,DN600,Law (options),520*,532.0
9,DN610,Business and Law,521,543.0
10,DN650,Commerce,498*,510.0
11,DN660,Commerce International (options),507,531.0
12,DN670,Economics and Finance,601,601.0
13,DN700,Social Sciences (options),388,441.0
14,DN710,Economics,476,488.0
15,DN720,Psychology,517,531.0
16,DN750,Social Policy and Sociology,330,366.0
17,,Dundalk Institute of Technology,,
18,DK810,Accounting and Finance,306,391.0
19,DK816,Business Studies,300,357.0
20,DK820,Computing in Games Development,307,369.0
21,DK821,Computing in Software Development,301,347.0
22,DK830,Building Surveying,302,349.0
23,DK831,Architectural Technology,301,366.0
24,DK832,Construction Management,300,329.0
25,DK843,Engineering (Common Entry),303,402.0
26,DK860,Music,#499,649.0
27,DK861,Arts,300,358.0
28,DK862,Social Care,300,338.0
29,DK863,Creative Media,300,376.0
30,DK864,Film and Television Production,300,332.0
31,DK865,Audio and Music Production,301,346.0
32,DK870,General Nursing,392,401.0
33,DK872,Intellectual Disability Nursing,300,317.0
34,DK874,Mental Health Nursing,356,378.0
35,DK876,Early Childhood Studies,305,359.0
36,DK877,Midwifery,398*,441.0
37,DK880,Health and Physical Activity,300,367.0
38,DK882,Agriculture (Award options),303,358.0
39,DK883,Science (Award options),300,369.0
40,,Galway-Mayo Institute of Technology,,
41,GA181,Accounting,303,378.0
42,GA182,Business,290,347.0
43,GA183,Business Information Systems,309,373.0
44,GA184,Marketing and Sales,307,348.0
45,GA185,Finance and Economics,307,398.0
46,GA186,Business with Entrepreneurship,297,328.0
47,GA187,Rural Enterprise and Agri-Business (Mountbellew Campus),280,367.0
48,GA281,Film and Documentary,287,360.0
49,GA282,Heritage Studies,238,308.0
50,GA283,Contemporary Art,260,340.0
51,GA284,Design,309,377.0
52,GA380,International Hotel Management,225,289.0
53,GA381,International Tourism Management,261,290.0
54,GA382,Culinary and Gastronomic Science,225,316.0
0,GA384,Event Management with Public Relations,209,289.0
1,GA385,Retail Management,219,319.0
2,GA480,Construction Management,260,312.0
3,GA482,Quantity Surveying and Construction Economics,280,340.0
4,GA483,Architectural Technology,251,321.0
5,GA484,Civil Engineering,270,362.0
6,GA580,Software and Electronic Engineering,301,351.0
7,GA680,Mechanical Engineering,336,389.0
8,GA681,Energy Engineering,281,328.0
9,GA682,Biomedical Engineering,331,383.0
10,GA683,Agricultural Engineering,301,365.0
11,GA684,Engineering (Common entry to Agri/Biomed/Energy/Mech Eng),346,406.0
12,GA780,Applied Freshwater and Marine Biology,300,360.0
13,GA781,Applied Biology and Biopharmaceutical Science,317,376.0
14,GA782,Chemical and Pharmaceutical Science,307,346.0
15,GA783,Physics and Instrumentation,373,378.0
16,GA784,Science (Undenominated),327,377.0
17,GA785,Medical Science,451,486.0
18,GA786,Forensic Science and Analysis,300,366.0
19,GA787,Computing in Software Development,275,327.0
20,GA788,Computing and Digital Media,270,327.0
21,GA789,Agriculture and Environmental Management (Mountbellew Campus),297,339.0
22,GA790,Sport and Exercise Science,350,379.0
23,GA791,Public Health Nutrition,364,397.0
24,GA880,General Nursing - Mayo Campus,389*,400.0
25,GA882,Psychiatric Nursing - Mayo Campus,346,370.0
26,GA885,Outdoor Education - Mayo Campus,210,298.0
27,GA887,History and Geography - Mayo Campus,228,296.0
28,GA889,Applied Social Care - Mayo Campus,260,297.0
29,GA890,Early Childhood Care and Education - Mayo Campus,278,319.0
30,GA980,Education (Design Graphics and Construction) - Letterfrack Campus,376,389.0
31,GA981,Furniture Design and Manufacture - Letterfrack Campus,271,350.0
32,GA982,Furniture and Wood Technology - Letterfrack Campus,270,352.0
33,,"National University of Ireland, Galway",,
34,GY101,Arts (Joint-Honours),300,374.0
35,GY104,Arts (Psychology),507,529.0
36,GY105,Arts (History),318,358.0
37,GY107,Na Dána (Gaeilge agus Léann an Aistriúcháin),330,397.0
38,GY109,Arts (Mathematics and Education),411,487.0
39,GY110,Arts with Children's Studies,382,409.0
40,GY111,Arts with Creative Writing,402,472.0
41,GY112,Arts with Film Studies,338,370.0
42,GY113,Arts with Human Rights,338,409.0
43,GY115,Arts with Performing Arts Studies,328,367.0
44,GY118,"Arts (Drama, Theatre and Performance Studies)",410,451.0
45,GY119,Journalism,410,475.0
46,GY120,"Arts (Child, Youth and Family: Policy and Practice)",309,346.0
47,GY121,Arts (Children's Studies),356,389.0
48,GY122,Na Dána (Cumarsáid agus Gaeilge),308,399.0
49,GY123,BSc (Applied Social Sciences),357,388.0
50,GY124,Arts (Arts with Data Science),434,466.0
51,GY125,Arts (Digital Arts and Technology),324,379.0
52,GY126,Arts (English and Media Studies),418,451.0
53,GY127,Arts (Film and Digital Media),387,435.0
54,GY128,Arts (Global Languages),370,440.0
0,GY129,Arts (International),408,477.0
1,GY130,Arts (Music),400,444.0
2,GY131,Arts (History and Globalisation Studies),340,431.0
3,GY132,"Government (Politics, Economics and Law)",402,444.0
4,GY133,Education (Computer Science and Mathematical  Studies),401,466.0
5,GY201,Commerce,420,453.0
6,GY202,Commerce (International) with French,484,513.0
7,GY203,Commerce (International) with German,489,541.0
8,GY204,Commerce (International) with Spanish,484,500.0
9,GY206,Business Information Systems (Work Placement & Optional Int`l Study),431,445.0
10,GY207,Commerce (Accounting) including optional Global Experience year,486,510.0
11,GY208,Commerce (Gaeilge),473,488.0
12,GY209,Commerce (Global Experience),509,531.0
13,GY250,Law & Business,436,467.0
14,GY251,Law,473,498.0
15,GY252,Law & Human Rights,510,521.0
16,GY261,"Business Studies (International Hotel Management, Shannon)",#486,615.0
17,GY262,"Commerce (International Hotel Management, Shannon)",#671,726.0
18,GY301,Science,400,456.0
19,GY303,Biomedical Science,533,566.0
20,GY304,Biotechnology,473,507.0
21,GY308,Environmental Science,413,440.0
22,GY309,Financial Mathematics and Economics,454,498.0
23,GY310,Marine Science,409,456.0
24,GY313,Environmental Health and Safety,402,435.0
25,GY314,Earth and Ocean Sciences,402,425.0
26,GY318,Biopharmaceutical Chemistry,510,532.0
27,GY319,Mathematical Science,456,531.0
28,GY320,"Physics (Degree options: Applied,Astrophysics,Biomedical,Theoretical)",401,487.0
29,GY350,Computer Science and Information Technology,425,466.0
30,GY401,Engineering (Undenominated),444,499.0
31,GY402,Civil Engineering,509,543.0
32,GY405,Mechanical Engineering,443,499.0
33,GY406,Electronic and Computer Engineering,509,547.0
34,GY408,Biomedical Engineering,519,543.0
35,GY410,Project and Construction Management,434,464.0
36,GY413,Energy Systems Engineering,532,589.0
37,GY414,Electrical and Electronic Engineering,454,487.0
38,GY501,"Medicine (five year/six year course, HPAT required)",#726*,731.0
39,GY502,Occupational Therapy,532,543.0
40,GY503,Speech and Language Therapy,529,543.0
41,GY504,Podiatric Medicine,434,463.0
42,GY515,General Nursing (Galway and Portiuncula),442,466.0
43,GY516,Mental Health Nursing,388,413.0
44,GY517,Midwifery,429,468.0
45,,Letterkenny Institute of Technology,,
46,LY108,Business - Accounting,318,399.0
47,LY118,Business,287,352.0
48,LY208,Law,300,359.0
49,LY218,Business - with Spanish/Irish options,298,367.0
50,LY228,Sports and Exercise (Common Entry),278,330.0
51,LY408,Design (Common Entry),#307,368.0
52,LY508,Fire Safety Engineering,270,299.0
53,LY518,Quantity Surveying,307,368.0
54,LY528,Construction Management,267,291.0
0,LY608,Mechanical Engineering,304,333.0
1,LY618,Electronics and Embedded Systems,307,339.0
2,LY708,Applied Computing,300,348.0
3,LY818,Science (Common Entry),302,371.0
4,LY828,Agriculture (Common Entry),300,342.0
5,LY908,General Nursing,383,390.0
6,LY918,Psychiatric Nursing,291*,332.0
7,LY928,Intellectual Disability Nursing,288,299.0
8,LY968,"Early Childhood Care, Health and Education",300,336.0
9,LY978,Health & Social Care (Common Entry),260,299.0
10,,Mary Immaculate College,,
11,MI001,Contemporary & Applied Theatre Studies,345,381.0
12,MI002,Arts (offered in conjunction with the University of Limerick),300,378.0
13,MI005,Education - Primary Teaching,473*,506.0
14,MI006,Education - Primary Teaching (Gaeltacht Applicants),#442,473.0
15,MI007,Early Childhood Care and Education,366,402.0
16,MI008,Education and Psychology - Primary Teaching,543,555.0
17,MI009,"Education, Business Studies and Accounting (Thurles Campus)",392,420.0
18,MI010,"Education, Business Studies and Religious Studies (Thurles Campus)",326,355.0
19,MI011,"Education, Irish and Religious Studies (Thurles Campus)",377,387.0
20,MI012,"Education, Irish and Business Studies (Thurles Campus)",398,440.0
21,MI013,"Education, Mathematics and Gaeilge (Thurles Campus)",433,465.0
22,,Irish College of Humanities & Applied Sciences,,
23,CI101,Counselling and Psychotherapy (Limerick),276,328.0
24,,Limerick Institute of Technology,,
25,LC110,"Art and Design (Common Entry, portfolio)",#734,918.0
26,LC114,Fashion and Textiles for Product and Costume (portfolio),#900,988.0
27,LC220,Digital Marketing,254,288.0
28,LC223,Law and Taxation,308,372.0
29,LC224,Accounting and Finance,299,382.0
30,LC225,Marketing and Management,298,337.0
31,LC226,Enterprise and Innovation,216,298.0
32,LC233,Software Development,300,371.0
33,LC234,Interactive Digital Media,219,288.0
34,LC236,Internet Systems Development,298,319.0
35,LC239,Computer Networks and Systems Management,335,347.0
36,LC241,Construction Management,276,303.0
37,LC242,Property Valuation and Management,292,328.0
38,LC243,Quantity Surveying,281,360.0
39,LC248,Built Environment (Common Entry),307,350.0
40,LC252,Civil Engineering Management,281,331.0
41,LC263,Clinical Technology,282,359.0
42,LC265,Forensic and Pharmaceutical Sciences,335,368.0
43,LC266,Drug and Medicinal Product Analysis,236,299.0
44,LC275,Electrical Engineering,288,340.0
45,LC288,Mechanical Engineering,307,360.0
46,LC289,Precision Engineering,280,369.0
47,LC292,Social Care Work,360,389.0
48,LC293,Business Studies with Travel and Tourism Management,299,326.0
49,LC294,Business Studies with Event Management,271,300.0
50,LC295,Business Studies with Sports Management,263,298.0
51,LC297,Community Development,217,269.0
52,LC320,Business,337,378.0
53,LC330,Business with Computing,298,326.0
54,LC340,Interior Design,298,349.0
0,LC362,Biotechnology and Biopharmaceutical Sciences,379,402.0
1,LC371,Creative Broadcast and Film Production,298,339.0
2,LC372,Music Technology and Production,321,369.0
3,LC374,Renewable and Electrical Energy Engineering,317,368.0
4,LC375,Industrial Automation & Robotic Systems,321,368.0
5,LC376,Electronic Engineering,308,346.0
6,LC380,Automotive Engineering and Transport Management,282,329.0
7,LC392,Beauty and Spa Management,217,318.0
8,LC393,Early Childhood Education & Care,260,309.0
9,LC401,Early Childhood Education & Care (Thurles),298,387.0
10,LC402,Social Care Work (Thurles),209,290.0
11,LC408,Environmental and Geographical Sciences (Thurles),262,346.0
12,LC411,Marketing and Management (Thurles),226,300.0
13,LC418,Computing - Games Design and Development (Thurles),271,318.0
14,LC422,Sports Strength and Conditioning (Thurles),288,333.0
15,LC434,Environmental Management in Agriculture (Thurles),278,347.0
16,LC502,"Game Art and Design (Clonmel, portfolio)",#838,950.0
17,LC517,Creative Media and Design (Clonmel),229,273.0
18,LC518,"Digital Animation Production (Clonmel, portfolio)",#816,962.0
19,LC612,Social Care Work (Ennis),319,338.0
20,LC613,Early Childhood Education & Care (Ennis),346,388.0
21,,University of Limerick,,
22,LM002,Arts (offered in conjunction with Mary Immaculate College),329,388.0
23,LM020,Law and Accounting,436,476.0
24,LM026,Performing Arts (audition required),#307,367.0
25,LM028,Criminal Justice,387,409.0
26,LM029,Law Plus,473,499.0
27,LM038,Psychology and Sociology,478,489.0
28,LM039,Journalism and New Media,388,430.0
29,LM040,European Studies,350,462.0
30,LM044,Applied Languages,404,473.0
31,LM050,Business Studies,419,455.0
32,LM056,International Business,511,543.0
33,LM058,Financial Mathematics,434,543.0
34,LM063,Technology Management,372,409.0
35,LM068,Food Science and Health,400,430.0
36,LM076,Product Design and Technology (portfolio required),#402,466.0
37,LM077,Aeronautical Engineering,469,531.0
38,LM082,Construction Management and Engineering,368,404.0
39,LM089,Sport and Exercise Sciences,441,466.0
40,LM090,Physical Education with concurrent Teacher Education,498*,520.0
41,LM092,Science with Teacher Ed (Biology with Physics/Chemistry/Ag Science),478,509.0
42,LM093,Equine Science,338,381.0
43,LM094,Materials and Architectural Technology with concurrent Teacher Education,405,433.0
44,LM095,Materials and Engineering Technology with concurrent Teacher Education,358,409.0
45,LM096,Science with Teacher Ed (Physical Sciences with Chemistry and Physics),382,422.0
46,LM099,Architecture (portfolio required),#419,473.0
47,LM100,Physiotherapy,565*,577.0
48,LM101,Medicine  - Graduate Entry (GAMSAT required),#55*,57.0
49,LM102,Psychology,495,519.0
50,LM103,Paramedic Studies (B and C1 Drivers Licence),#313,403.0
51,LM115,Chemical and Biochemical Engineering,456,520.0
52,LM116,Engineering (Biomedical/Civil/Design and Manufacture/Mechanical),434,498.0
53,LM118,Electronic and Computer Engineering,401,498.0
54,LM121,Computer Science (Computer Systems/Games Dev/Mobile Comm Security),352,420.0
0,LM122,Creative Media and Interaction Design (Digital Design/Music Media Tech),330,430.0
1,LM123,Biological & Chemical Sciences (Biosci/Envir Sci/Ind Bio/IndPharma Chem),412,455.0
2,LM124,Mathematics (Math Science/Maths and Physics/Economics and Math Science),427,521.0
3,LM125,Physics (Applied Physics/Mathematics and Physics),405,509.0
4,LM150,General Nursing,440*,463.0
5,LM152,Mental Health Nursing,388,418.0
6,LM154,Intellectual Disability Nursing,381*,408.0
7,LM156,Midwifery,429,444.0
8,,"Pontifical University, St Patrick\'s College",,
9,MU001,Theology and Arts,290,318.0
10,MU002,Theology,292,377.0
11,,Maynooth University,,
12,MH001,Education - Primary Teaching (Froebel),496*,520.0
13,MH002,Education - Primary Teaching - Gaeltacht Applicants (Froebel),#441*,
14,MH101,Arts,316,369.0
15,MH103,Music,#,367.0
16,MH106,Psychology - 3 years,495,499.0
17,MH107,Social Science,326,349.0
18,MH109,Media Studies,317,377.0
19,MH116,Community and Youth Work (Full-Time),#,271.0
20,MH201,Science,350,392.0
21,MH202,Biotechnology,429,446.0
22,MH204,Physics with Astrophysics,420,488.0
23,MH206,Theoretical Physics and Mathematics,498,566.0
24,MH207,Data Science,434,466.0
25,MH208,Biological and Biomedical Sciences,451,476.0
26,MH209,Psychology (through Science) - 4 years,473,485.0
27,MH210,Pharmaceutical and Biomedical Chemistry,446,466.0
28,MH212,Science/Computer Science/Mathematics (with Education) - options,444,476.0
29,MH304,Engineering (Computer/Electronic/Communications),371,423.0
30,MH305,Product Design,358,411.0
31,MH306,Robotics and Intelligent Devices,361,424.0
32,MH401,Finance (options),352,392.0
33,MH402,Quantitative Finance,476,487.0
34,MH403,Accounting and Finance,402,432.0
35,MH404,Business (options),400,429.0
36,MH405,Equine Business,357,398.0
37,MH407,Business and Accounting,401,420.0
38,MH411,Entrepreneurship,358,388.0
39,MH501,LLB Law - four year Single Major Law programme,451,476.0
40,MH502,Law (options),410,442.0
41,MH601,Computer Science through Arts (options),342,369.0
42,MH602,Computer Science through Science (options),357,413.0
43,MH603,Computational Thinking,520,543.0
44,MH801,Early Childhood - Teaching and Learning (part-time),347,358.0
45,MH802,"Community and Youth Work (part-time, in service",#,
46,MH803,"Local Studies or Community Studies (part-time, evening)- Mature Students",#,
47,,St. Angela`s College,,
48,AS001,"Education, Home Economics and Biology - with concurrent Teacher Ed",456*,497.0
49,AS002,"Education, Home Economics and Religious Ed - with concurrent Teacher Ed",400*,433.0
50,AS003,"Education, Home Economics and Irish - with concurrent Teacher Ed",421,457.0
51,AS051,"Nutrition, Food and Business Management",337,399.0
52,AS054,Home Economics,387,401.0
53,AS110,General Nursing,391*,409.0
54,AS130,Intellectual Disability Nursing,317,338.0
0,,"Institute of Technology, Sligo",,
1,SG141,Business,252,317.0
2,SG142,Business in International Marketing and Sales with French,270,388.0
3,SG144,Business in International Marketing and Sales with Spanish,280,388.0
4,SG146,Accounting,307,347.0
5,SG147,Sport with Business,269,316.0
6,SG148,Tourism with Event Management,246,282.0
7,SG149,Business in Finance and Investment,262,357.0
8,SG241,Performing Arts,279,348.0
9,SG242,Early Childhood Care and Education,278,318.0
10,SG243,Social Care Practice,297,338.0
11,SG244,Fine Art,#355,496.0
12,SG245,Creative Design,261,338.0
13,SG246,Computing,295,368.0
14,SG247,English and Psychology,308,336.0
15,SG248,Sociology and Politics,282,320.0
16,SG249,Writing and Literature,279,338.0
17,SG250,Application Design and User Experience,290,431.0
18,SG251,Computing (Smart Technologies),303,391.0
19,SG252,Software Development,300,354.0
20,SG253,Computer Networks and Cloud Infrastructure,273,341.0
21,SG343,Quantity Surveying,261,302.0
22,SG346,Construction Project Management and Applied Technology,289,351.0
23,SG347,Architecture,309,357.0
24,SG441,Environmental Science,297,358.0
25,SG442,Occupational Safety and Health,289,330.0
26,SG443,Human Nutrition,357,419.0
27,SG444,Science (Undenominated),308,369.0
28,SG445,Pharmaceutical Science with Drug Development,347,369.0
29,SG446,Applied Archaeology,289,290.0
30,SG447,Health Science and Physical Activity,316,363.0
31,SG448,Forensic Investigation and Analysis,306,348.0
32,SG449,Medical Biotechnology,329,352.0
33,,"Institute of Technology, Tralee",,
34,TL801,Animation Visual Effects and Motion Design,281,341.0
35,TL802,"TV, Radio and New Media",306,356.0
36,TL803,Music Technology,264,288.0
37,TL810,Computing with Software Development,309,341.0
38,TL811,Computing with Games Development,310,334.0
39,TL812,Computing with Digital Media,369,369.0
40,TL815,Computing (Degree Award options),308,378.0
41,TL823,Event Management (3 year programme),291,346.0
42,TL831,Business Studies (Major Specialism in: Acctng or Mktg or Mgmnt),307,372.0
43,TL842,Construction Management,,
44,TL844,Agricultural Engineering,311,368.0
45,TL845,Civil Engineering,300,364.0
46,TL847,Manufacturing Engineering,,
47,TL848,Agricultural Science,331,362.0
48,TL851,Wildlife Biology (Degree Award options),310,362.0
49,TL855,Pharmaceutical Science (Degree Award options),342,386.0
50,TL858,Veterinary Bioscience,326,369.0
51,TL871,Health and Leisure (Degree Award options),303,346.0
52,TL872,Health and Leisure with Massage,288,357.0
53,TL873,Coaching and Sports Performance,282,336.0
54,TL880,Early Childhood Care and Education,307,347.0
0,TL881,Social Care,308,356.0
1,TL889,Counselling with Addiction - Mature applicants only,#,
2,TL890,General Nursing and Mature Applicants,407,431.0
3,TL891,Mental Health Nursing and Mature Applicants,367*,379.0
4,,Waterford Institute of Technology,,
5,WD001,Applied Computing (options),279,358.0
6,WD002,Science (options),302,377.0
7,WD005,Health Sciences (options),288,347.0
8,WD006,Exercise Sciences (options),282,337.0
9,WD007,Engineering (options),287,382.0
10,WD025,Construction Management and Engineering,269,327.0
11,WD027,Music,#290,317.0
12,WD048,Business (options),278,357.0
13,WD084,Accounting,307,403.0
14,WD091,Hospitality Management,210,281.0
15,WD116,General Nursing,413,430.0
16,WD117,Psychiatric Nursing,361,382.0
17,WD120,Intellectual Disability Nursing,338,359.0
18,WD134,International Business,289,350.0
19,WD137,Design (Visual Communications),253,373.0
20,WD140,Laws,290,352.0
21,WD144,Architecture,283,385.0
22,WD147,Pharmaceutical Science,298,363.0
23,WD148,Tourism Marketing,269,338.0
24,WD149,Early Childhood Studies,288,336.0
25,WD150,Criminal Justice Studies,271,311.0
26,WD152,Visual Art,253,323.0
27,WD161,Computer Forensics and Security,262,401.0
28,WD162,Quantity Surveying,260,320.0
29,WD163,Psychology,390,429.0
30,WD186,Sports Coaching and Performance,276,327.0
31,WD187,Social Science,271,321.0
32,WD191,Agricultural Science,378,421.0
33,WD192,Social Care Practice,279,323.0
34,WD193,Marketing and Digital Media,290,358.0
35,WD194,Culinary Arts,235,331.0
36,WD195,Architectural and Building Information Modelling Technology,266,305.0
37,WD200,Arts (options),221,296.0
38,WD210,Software Systems Development,271,329.0
39,WD211,Creative Computing,275,322.0
40,WD212,Recreation and Sport Management,274,311.0
41,WD230,Mechanical and Manufacturing Engineering,273,348.0
0,CW258,Cybercrime and IT Security,300,328.0
1,CW268,Computing in Interactive Digital Art and Design,274,321.0
2,CW438,Construction (options),271,308.0
3,CW468,Architectural Technology,252,290.0
4,CW478,Civil Engineering,348,383.0
5,CW548,Mechanical Engineering,310,351.0
6,CW558,Electronic Systems,279,338.0
7,CW568,Aerospace Engineering,366,422.0
8,CW578,TV and Media Production,327,361.0
9,CW708,Law - LLB,298,328.0
10,CW728,Product Design Innovation,286,355.0
11,CW748,Early Childhood Education and Care,265,338.0
12,CW758,Applied Social Studies - Professional Social Care,290,319.0
13,CW808,Media and Public Relations,248,307.0
14,CW848,Digital Marketing with Analytics,279,307.0
15,CW858,"Sports Management and Coaching (options, portfolio)",#700,700.0
16,CW908,Business (options),260,307.0
17,CW938,Business with Law,270,288.0
18,CW948,Accounting,301,408.0
19,,"Carlow College, St. Patrick`s",,
20,PC405,"Social, Political and Community Studies",251,296.0
21,PC410,Arts and Humanities (fulfils Teaching Council requirements),203,289.0
22,PC411,English and History (fulfils Teaching Council requirements),168,289.0
23,,Cork Institute of Technology,,
24,CR105,Chemical and Biopharmaceutical Engineering,432,498.0
25,CR106,Software Development,351,393.0
26,CR108,Mechanical Engineering,425,487.0
27,CR109,Structural Engineering,341,467.0
28,CR110,Automotive Business Management and Technology,318,347.0
29,CR112,Creative Digital Media,335,389.0
30,CR116,Computer Systems,318,381.0
31,CR121,Music at CIT Cork School of Music,#633,1052.0
32,CR125,Popular Music: Electric Bass Guitar at CIT Cork School of Music,#972,1021.0
33,CR126,Popular Music: Drums at CIT Cork School of Music,#878,1043.0
34,CR127,Popular Music: Electric Guitar at CIT Cork School of Music,#584,761.0
35,CR128,Popular Music: Keyboards at CIT Cork School of Music,#839,1009.0
36,CR129,Popular Music: Voice at CIT Cork School of Music,#857,927.0
37,CR130,Musical Theatre,#500,600.0
38,CR150,Business Information Systems,326,371.0
39,CR210,"Contemporary Applied Art (Ceramics, Glass, Textiles) at CIT Crawford",#979,979.0
40,CR220,Fine Art at CIT Crawford College of Art and Design,#620,819.0
41,CR225,Photography with New Media,#920,920.0
42,CR305,Physical Sciences (Common Entry),279,309.0
43,CR310,IT Management,282,317.0
44,CR320,Biomedical Science (Offered jointly by CIT and UCC),546,556.0
45,CR325,Pharmaceutical Biotechnology,388,422.0
46,CR333,Nutrition and Health Science,360,393.0
47,CR335,Biological Sciences (Common Entry),381,419.0
48,CR340,Analytical Chemistry with Quality Assurance,288,315.0
49,CR360,Instrument Engineering,291,329.0
50,CR365,Environmental Science and Sustainable Technology,334,362.0
51,CR370,Agri-Biosciences,408,431.0
52,CR400,Accounting,316,389.0
53,CR420,Marketing,288,329.0
54,CR425,International Business with Language,300,392.0
0,CR500,Engineering (Common Entry),381,424.0
1,CR510,Sustainable Energy Engineering,319,343.0
2,CR520,Biomedical Engineering,434,477.0
3,CR560,Architectural Technology,288,332.0
4,CR565,Interior Architecture,336,390.0
5,CR570,Quantity Surveying,279,342.0
6,CR572,Construction Management,253,300.0
7,CR580,Electrical Engineering,344,374.0
8,CR590,Electronic Engineering,342,411.0
9,CR600,Visual Communications,#587,888.0
10,CR660,Tourism Management,249,290.0
11,CR700,Theatre and Drama Studies at CIT Cork School of Music,#768,906.0
12,,University College Cork (NUI),,
13,CK101,Arts - 3 years,300,368.0
14,CK102,Social Science,391,431.0
15,CK104,Arts with Music - 3 or 4 years (BMus or Chinese/European/Int`l Pathway),#340,409.0
16,CK105,Film and Screen Media - 3 years or 4 years (International Pathway),397,442.0
17,CK107,Geographical and Archaeological Sciences - 3 or 4 years (Int`l Pathway),326,388.0
18,CK108,Arts International - 4 years,429,466.0
19,CK109,English - 3 years or 4 years (International Pathway),347,423.0
20,CK110,World Languages,456,506.0
21,CK111,Early Years and Childhood Studies,398,429.0
22,CK112,Theatre and Performative Practices - 3 or 4 years (Int`l Pathway),#324,470.0
23,CK113,Criminology - 3 years or 4 years (International Pathway),408,430.0
24,CK114,Social Science (Youth and Community Work) - 3 years,#,
25,CK115,Social Work - Mature Applicants only,#,
26,CK116,Sports Studies and Physical Education,499,520.0
27,CK118,Digital Humanities and IT - 3 or 4 years (Work Exper. or Int`l Pathway),307,361.0
28,CK120,Applied Psychology,506,532.0
29,CK121,Psychology and Computing - 3 or 4 years (Work Experience Pathway),393,466.0
30,CK122,Government and Political Science,355,410.0
31,CK201,Commerce,465*,489.0
32,CK202,Accounting,467,506.0
33,CK203,Business Information Systems,409,444.0
34,CK204,Finance,531,555.0
35,CK205,Commerce (International) with French,409,473.0
36,CK206,Commerce (International) with German,408,446.0
37,CK207,Commerce (International) with Italian,408,425.0
38,CK208,Commerce (International) with Hispanic Studies,431,455.0
39,CK209,Commerce (International) with Irish,509,528.0
40,CK211,Commerce (International) with Chinese Studies,398,420.0
41,CK212,Economics (Transformational Learning) - 3 or 4 years (Int`l Pathway),400,429.0
42,CK301,Law (Pathways) -  3 or 4 years,476,519.0
43,CK302,Law and French,453,531.0
44,CK304,Law and Irish,462,510.0
45,CK307,Law and Business,522,554.0
46,CK401,Computer Science,402,456.0
47,CK402,Biological and Chemical Sciences,498,520.0
48,CK404,"Biological, Earth and Environmental Sciences",412,451.0
49,CK405,Genetics,476,496.0
50,CK406,Chemical Sciences,457,488.0
51,CK407,Mathematical Sciences,531,578.0
52,CK408,Physics and Astrophysics,511,566.0
53,CK409,Industrial Physics (offered jointly by UCC and CIT),413,532.0
54,CK411,Data Science and Analytics,509,542.0
0,CK412,Agricultural Science,457,509.0
1,CK502,Food Marketing and Entrepreneurship,433,456.0
2,CK504,Nutritional Sciences,492,509.0
3,CK505,Food Science,444,477.0
4,CK506,International Development and Food Policy,367,410.0
5,CK600,Engineering,465,532.0
6,CK606,Architecture (offered jointly by UCC and CIT),465,496.0
7,CK701,Medicine (Undergraduate Entry - HPAT required),#729,740.0
8,CK702,Dentistry,590,613.0
9,CK703,Pharmacy,577,589.0
10,CK704,Occupational Therapy,532*,554.0
11,CK705,Speech and Language Therapy,509,529.0
12,CK706,Public Health Sciences,419,451.0
13,CK707,Medical and Health Sciences,510*,543.0
14,CK710,General Nursing,440,466.0
15,CK712,Children`s and General Nursing (Integrated),499,520.0
16,CK720,Mental Health Nursing,398,429.0
17,CK730,Intellectual Disability Nursing,359,388.0
18,CK740,Midwifery,444,474.0
19,CK791,Medicine  - Graduate Entry (GAMSAT required),#58*,59.0
20,,American College,,
21,AC120,International Business,234,269.0
22,AC137,Liberal Arts,252,275.0
23,,CCT College Dublin,,
24,CT125,Information Technology,235,280.0
25,,Marino Institute of Education,,
26,CM001,Education - Primary Teaching,452*,462.0
27,CM002,Education - Primary Teaching - Gaeltacht Applicants,#421,440.0
28,CM003,Oideachas - Bunmhúinteoireacht Trí Mheán na Gaeilge,#491,506.0
29,CM004,Oideachas - Bunmhúinteoireacht Trí Mheán na Gaeilge (daltaí Gaeltachta),#492,569.0
30,CM010,Education Studies,317,373.0
31,CM020,Early Childhood Education,336,363.0
32,,Dublin Business School,,
33,DB500,Computing,242,320.0
34,DB501,Computing (Cloud Computing),326,329.0
35,DB502,Computing (Data Analytics and Big Data),269,269.0
36,DB503,Computing (Software Development),242,282.0
37,DB504,Computing (Web and Mobile Technology),227,269.0
38,DB510,Audio Production and Music Project Management,233,293.0
39,DB512,Business Studies,229,301.0
40,DB514,Business Studies (Law),269,337.0
41,DB515,Business Studies (Human Resource Management),225,288.0
42,DB516,Financial Services,328,336.0
43,DB517,Event Management,226,327.0
44,DB518,Marketing (Digital Media),210,289.0
45,DB521,Accounting and Finance,225,271.0
46,DB524,Business Information Systems,402,402.0
47,DB525,Marketing (Digital Media and Cloud Computing),284,309.0
48,DB526,Business Information Systems (Cloud Computing),253,288.0
49,DB527,Applied Social Care,235,288.0
50,DB531,Marketing,220,288.0
51,DB562,Psychology,208,310.0
52,DB566,Social Science,216,308.0
53,DB567,Film,192,295.0
54,DB568,Law,245,308.0
0,DB569,Business (Psychology),279,338.0
1,,Dublin City University,,
2,DC001,Education - Early Childhood Education,398,424.0
3,DC002,Education - Primary Teaching,462*,485.0
4,DC003,Education - Primary Teaching - Gaeltacht Applicants,#433,473.0
5,DC004,Education - Primary Teaching (Church of Ireland Centre formerly CICE),#357,
6,DC005,Education - Primary Teaching - Irish Sign Language,#316,316.0
7,DC009,Arts (Joint Honours) - Humanities,347,408.0
8,DC010,Post Primary Teacher Education - Religious Education and English,386,413.0
9,DC011,Post Primary Teacher Education - Religious Education and History,352,389.0
10,DC012,Post Primary Teacher Education - Religious Education and Music,#367,415.0
11,DC013,Post Primary Teacher Ed - Gaeilge with French/German/Spanish,410,509.0
12,DC014,BA in Jazz and Contemporary Music Performance,#428,590.0
13,DC110,Business Studies International,440,462.0
14,DC111,Business Studies,463,479.0
15,DC112,Global Business (France),495,510.0
16,DC113,Global Business (Germany),440,476.0
17,DC114,Global Business (Spain),501,543.0
18,DC115,Accounting and Finance,487,500.0
19,DC116,Global Business (USA),578,589.0
20,DC117,Aviation Management / Aviation Management with Pilot Studies,463,487.0
21,DC118,Gnó agus Gaeilge / Business and Irish,357,399.0
22,DC119,Global Business (Canada),566,577.0
23,DC120,Enterprise Computing,350,389.0
24,DC121,Computer Applications,370,418.0
25,DC123,Data Science,467,511.0
26,DC126,Actuarial Mathematics,520,543.0
27,DC127,Common Entry into Actuarial and Financial Mathematics,509,531.0
28,DC131,Communication Studies,400,441.0
29,DC132,Journalism,401,440.0
30,DC133,Multimedia,403,451.0
31,DC155,Applied Language and Translation Studies,371,430.0
32,DC161,Analytical Science,446,463.0
33,DC162,Chemical and Pharmaceutical Sciences,488,498.0
34,DC166,Environmental Science and Technology,412,442.0
35,DC167,Physics with Astronomy,434,477.0
36,DC168,Genetics and Cell Biology,489,500.0
37,DC171,Applied Physics,402,433.0
38,DC173,Physics with Biomedical Sciences,402,458.0
39,DC181,Biotechnology,476,488.0
40,DC190,Electronic and Computer Engineering (with choice of four majors),391,433.0
41,DC193,Mechatronic Engineering,404,445.0
42,DC195,Mechanical and Manufacturing Engineering,401,444.0
43,DC197,Biomedical Engineering,402,446.0
44,DC200,Common Entry into Engineering (Undenominated Entry),381,444.0
45,DC201,Common Entry into Science (Undenominated Entry),454,477.0
46,DC202,Sport Science and Health,467,476.0
47,DC203,Science Education,424,476.0
48,DC204,Athletic Therapy and Training,484,500.0
49,DC205,Physical Education with Biology,490,521.0
50,DC206,Physical Education with Mathematics,443,476.0
51,DC208,Psychology,509,521.0
52,DC209,Health and Society,419,440.0
53,DC215,General Nursing,414,443.0
54,DC216,Mental Health Nursing,368,389.0
0,DC217,Intellectual Disability Nursing,347,362.0
1,DC218,Children`s and General Nursing (Integrated),467,480.0
2,DC230,"Economics, Politics and Law",400,431.0
3,DC231,International Relations,387,445.0
4,DC232,Law and Society (BCL),453,487.0
5,DC235,Education and Training - Daytime Delivery Mode (full-time),307,327.0
6,DC238,Social Sciences and Cultural Innovation,358,388.0
7,DC240,"Marketing, Innovation and Technology",451,474.0
8,DC291,Arts (Joint Honours) - Media Studies,349,392.0
9,DC292,Arts (Joint Honours) - Law,356,388.0
10,DC293,Arts (Joint Honours) - International Languages,369,400.0
11,DC295,Arts (Joint Honours) - Politics,348,387.0
12,,Technological University Dublin City Campus,,
13,DT001,Product Design,433,464.0
14,DT028,Transport Operations and Technology,279,348.0
15,DT035,Electrical Services and Energy Management,293,340.0
16,DT066,Engineering (General Entry),400,457.0
17,DT101,Architecture (test and interview),#618,647.0
18,DT106,Planning and Environmental Management,312,337.0
19,DT110,Property Economics (Valuation Surveying),367,424.0
20,DT111,Quantity Surveying and Construction Economics,391,421.0
21,DT112,Geographic Science,287,335.0
22,DT117,Construction Management,356,373.0
23,DT175,Architectural Technology,388,425.0
24,DT201,Science (General Entry),464,477.0
25,DT203,Analytical Chemistry (Environmental Forensic and Pharmaceutical),341,403.0
26,DT204,Biomedical Science,501,512.0
27,DT205,Mathematical Sciences,315,363.0
28,DT206,Biomedical and Molecular Diagnostics,473,487.0
29,DT211,Computer Science (Infrastructure),381,414.0
30,DT220,Industrial Mathematics,300,317.0
31,DT221,Physics with Energy and Environment,348,436.0
32,DT222,Physics Technology,321,371.0
33,DT223,Human Nutrition and Dietetics,553,566.0
34,DT224,Optometry,487,529.0
35,DT225,Public Health Nutrition,440,476.0
36,DT227,Science with Nanotechnology,312,361.0
37,DT228,Computer Science,451,466.0
38,DT229,Clinical Measurement Science,491,509.0
39,DT235,Physics with Medical Physics and Bioengineering,357,403.0
40,DT282,Computer Science (International),377,402.0
41,DT299,Chemical Sciences with Medicinal Chemistry,420,445.0
42,DT302,Business Analytics,325,403.0
43,DT304,E-Commerce in Retailing,341,388.0
44,DT321,Business and Law,462,478.0
45,DT341,Marketing,400,419.0
46,DT343,Retail and Services Management,301,332.0
47,DT354,Business Computing,322,341.0
48,DT358,Logistics and Supply Chain Management,300,359.0
49,DT365,Business and Management,440,456.0
50,DT366,Accounting and Finance,432,454.0
51,DT398,Human Resource Management,375,388.0
52,DT399,Economics and Finance,437,465.0
53,DT401,International Hospitality Management,300,337.0
54,DT405,Culinary Science,308,377.0
0,DT407,Culinary Arts,271,342.0
1,DT412,Tourism Marketing,284,322.0
2,DT413,Event Management,356,389.0
3,DT416,Culinary Entrepreneurship,275,339.0
4,DT420,Nutraceuticals in Health and Nutrition,392,432.0
5,DT421,Food Innovation,321,366.0
6,DT422,Pharmaceutical Healthcare,397,423.0
7,DT491,Environmental Health,343,380.0
8,DT501,Music,#383,520.0
9,DT504,Film and Broadcasting,443,467.0
10,DT506,Commercial Modern Music,#468,835.0
11,DT508,Game Design,403,454.0
12,DT517,Languages and English Studies,326,419.0
13,DT518,Languages and International Tourism,307,357.0
14,DT529,Drama (Performance),#371,519.0
15,DT532,Law (LL.B.),422,441.0
16,DT533,Contemporary Visual Culture,#,
17,DT544,Interior Design,#552,866.0
18,DT545,Design - Visual Communication,#667,897.0
19,DT546,Fine Art,#668,813.0
20,DT555,International Business and Languages,353,399.0
21,DT559,Photography,#700,926.0
22,DT571,Social Care,394,424.0
23,DT572,Early Childhood Education,385,403.0
24,DT582,Journalism,347,373.0
25,DT596,Print Media Technology and Management,252,311.0
26,DT597,Creative and Cultural Industries,280,369.0
27,,"Dun Laoghaire Institute of Art, Design and Technology",,
28,DL821,"English, Media and Cultural Studies",211,317.0
29,DL822,Arts Management,209,319.0
30,DL823,Business Studies - Entrepreneurship and Management,260,316.0
31,DL825,Applied Psychology,349,413.0
32,DL826,Visual Communication Design,#736,989.0
33,DL827,Art,#583,902.0
34,DL828,"3D Design, Modelmaking and Digital Art",#691,866.0
35,DL829,Design for Stage and Screen (Costume Design),#817,1021.0
36,DL830,Design for Stage and Screen (Makeup Design),#879,953.0
37,DL831,Design for Stage and Screen (Production Design),#893,1073.0
38,DL832,Animation,#855,1055.0
39,DL833,Photography,#636,791.0
40,DL834,Film and Television Production,#933,1011.0
41,DL835,Creative Media Technologies,237,289.0
42,DL836,Creative Computing,217,326.0
43,DL837,New Media Studies,290,349.0
44,DL838,Creative Music Production,#746,873.0
45,,Griffith College,,
46,GC200,Business Studies (Cork),269,359.0
47,GC201,Accounting and Finance (Cork),251,388.0
48,GC230,Computing Science (Cork),228,327.0
49,GC300,Business Studies (Limerick),251,302.0
50,GC301,Accounting and Finance,307,314.0
51,GC302,"Business Studies - (HRM, Limerick)",269,269.0
52,GC305,International Hospitality Management (Limerick),327,327.0
53,GC400,Business Studies (Dublin),246,297.0
54,GC401,Accounting and Finance (Dublin),181,309.0
0,GC402,"Business Studies (HRM, Dublin)",217,290.0
1,GC403,Law (Dublin),225,308.0
2,GC405,International Hospitality Management (Dublin),254,272.0
3,GC407,"Business Studies (Marketing, Dublin)",246,330.0
4,GC430,Computing Science (Dublin),217,269.0
5,GC450,Journalism and Visual Media (Dublin),227,307.0
6,GC462,Design Communication (Dublin),,
7,GC489,Interior Architecture (Dublin),#267,361.0
8,GC494,Fashion Design (Dublin),#,
9,,ICD Business School,,
10,ID001,Accounting and Finance,229,291.0
11,ID002,Business Studies,285,366.0
12,ID003,Business Studies with Chinese,,
13,,Technological University Dublin Blanchardstown Campus,,
14,BN101,Business,252,289.0
15,BN103,Business and Information Technology,254,290.0
16,BN104,Computing (Information Technology),260,293.0
17,BN107,Applied Social Studies in Social Care,300,328.0
18,BN108,Engineering (Common Entry with Award options),271,318.0
19,BN109,Business (Common Entry with Award options),260,279.0
20,BN110,International Business,253,308.0
21,BN111,Sports Management and Coaching,270,298.0
22,BN112,Creative Digital Media,280,329.0
23,BN113,Horticulture,289,321.0
24,BN114,Accounting and Finance,280,332.0
25,BN115,Community and Youth Development,250,298.0
26,BN117,Computer Engineering in Mobile Systems,273,311.0
27,BN118,Early Childhood Care and Education,290,320.0
28,BN119,Digital Marketing,270,308.0
29,BN120,Digital Forensics and Cyber Security,281,326.0
30,BN121,Mechatronic Engineering,276,340.0
31,BN123,"Design,Technology and Innovation",297,318.0
32,,Technological University Dublin Tallaght Campus,,
33,TA022,Creative Digital Media,260,318.0
34,TA023,Advertising and Marketing Communications,235,299.0
35,TA024,Early Childhood Care and Education,217,307.0
36,TA025,Social Care Practice,261,297.0
37,TA026,International Hospitality and Tourism Management,208,269.0
38,TA027,Botanical Cuisine,236,273.0
39,TA028,Digital Marketing Technologies,220,313.0
40,TA121,Accounting and Finance,202,328.0
41,TA122,Management,218,297.0
42,TA123,Marketing Management,207,284.0
43,TA125,International Business,229,300.0
44,TA221,Electronic Engineering,251,321.0
45,TA222,Mechanical Engineering,243,302.0
46,TA223,Sustainable Energy Engineering,236,305.0
47,TA224,Biomedical Design,218,324.0
48,TA225,Automation Engineering,235,288.0
49,TA226,Engineering Software,243,304.0
50,TA321,Pharmaceutical Science,261,298.0
51,TA322,Computing,200,294.0
52,TA323,Computing with IT Management,243,309.0
53,TA326,DNA and Forensic Analysis,300,362.0
54,TA327,Sports Science and Health,341,381.0
0,TA328,Computing with Language (French/German/Spanish),218,317.0
1,TA329,Computing with Data Analytics,218,296.0
2,,National College of Art and Design,,
3,AD101,First Year Art & Design (Common Entry),# +matric 550,
4,AD102,Graphic Design and Moving Image Design,# +matric 635,
5,AD103,Textile & Surface Design and Jewellery & Objects,# +matric 545,
6,AD202,Education & Design or Fine Art (Second Level Teaching),# +matric 580,
7,AD204,Fine Art,# +matric 600,
8,AD211,Fashion Design,# +matric 600,
9,AD212,Product Design,# +matric 600,
10,AD215,Visual Culture,300,338.0
11,AD217,Illustration,# +matric 625,
12,AD222,Interaction Design,# +matric 657,
13,,National College of Ireland (NCI),,
14,NC003,Computing (Degree Award options),261,316.0
15,NC005,Human Resource Management,297,320.0
16,NC009,Business,297,339.0
17,NC010,Psychology,366,399.0
18,NC020,Marketing Practice,270,307.0
19,NC022,Accounting and Finance,338,376.0
20,NC023,Technology Management (with specialisations),260,303.0
21,NC025,Data Science,297,371.0
22,,Royal College of Surgeons in Ireland,,
23,RC001,Medicine - Undergraduate Entry (HPAT required),#729,733.0
24,RC004,Physiotherapy,532*,542.0
25,RC005,Pharmacy,555,566.0
26,RC101,Medicine - Graduate Entry (GAMSAT required),#60,62.0
27,,Trinity College Dublin,,
28,TR002,Music,#414,473.0
29,TR003,History,486,518.0
30,TR004,Law,532,552.0
31,TR005,Philosophy,391,446.0
32,TR006,Psychology,555*,577.0
33,TR007,Clinical Speech and Language Studies,499,529.0
34,TR009,Music Education,#430,465.0
35,TR012,History and Political Science,532*,557.0
36,TR015,"Philosophy, Political Science, Economics and Sociology",566,577.0
37,TR016,Deaf Studies,337,372.0
38,TR017,Law and Business,576,589.0
39,TR018,Law and French,532*,554.0
40,TR019,Law and German,523,555.0
41,TR020,Law and Political Science,567,600.0
42,TR021,"Classics, Ancient History and Archaeology",377,495.0
43,TR022,Early and Modern Irish,347,407.0
44,TR023,English Studies,463,511.0
45,TR024,European Studies,520,544.0
46,TR025,Drama and Theatre Studies,#489,531.0
47,TR028,Ancient and Medieval History and Culture,339,451.0
48,TR029,Political Science and Geography,477,500.0
49,TR031,Mathematics,566,589.0
50,TR032,Engineering,487*,520.0
51,TR033,Computer Science,465*,488.0
52,TR034,Management Science and Information Systems Studies,589*,602.0
53,TR035,Theoretical Physics,554,601.0
54,TR038,Engineering with Management,499,543.0
